<?xml version="1.0" encoding="utf-8"?>
<feed xmlns="http://www.w3.org/2005/Atom"
    xmlns:rdf="http://www.w3.org/1999/02/22-rdf-syntax-ns#"
    xmlns:leap2="http://terms.leapspecs.org/"
    xmlns:categories="http://wiki.leapspecs.org/2A/categories/"
    xmlns:portfolio="https://eportfolio.u-pec.fr/export/leap/2991/1633603854/"
    xmlns:mahara="http://wiki.mahara.org/Developer_Area/Import%2F%2FExport/LEAP_Extensions#"
>
    <leap2:version>http://www.leapspecs.org/2010-07/2A/</leap2:version>
    <id>https://eportfolio.u-pec.fr/export/2991/1633603854</id>
    <title>Mahara Leap2A Export for MAXIME XU, 07/10/2021 12:50</title>
    <updated>2021-10-07T12:12:54+02:00</updated>
    <generator uri="https://mahara.org/" version="2008122400">Mahara</generator>
    <author>
        <name>MAXIME XU</name>
        <email>maxime.xu@etu.u-pec.fr</email>
        <uri>portfolio:artefactinternal</uri>
    </author>

    <entry>
        <title>BUT-RT : Portfolio de Maxime XU</title>
        <id>portfolio:collection3069</id>

        <updated>2021-10-07T12:12:34+02:00</updated>
        <published>2021-10-07T09:09:55+02:00</published>

        <content></content>
        <rdf:type rdf:resource="leap2:selection"/>

        <link rel="has_part" href="portfolio:view24072"/>


        <category term="Website" scheme="categories:selection_type#"/>



    </entry>


    <entry>
        <title>Profile page</title>
        <id>portfolio:view24049</id>

        <updated>2021-10-07T12:12:28+02:00</updated>
        <published>2021-09-24T14:02:04+02:00</published>
        <summary>Your profile page is what others see when they click on your name or profile picture.</summary>
        <content type="xhtml"><div xmlns="http://www.w3.org/1999/xhtml"><div><div id="user_row_1" class="clearfix">
    <div class="row-content">
    <div id="user_row_1_column_1" class="column-layout columns2 first col-width-50" style="width:48%;">
    <div class="column-content">
        <div class="bt-image panel panel-secondary clearfix" id="user_blockinstance_100910">
            <h3 class="title panel-heading js-heading">
            

            Who
            


            

        </h3>
    

    <div class="block" id="user_blockinstance_100910_target">
        <div class="imageblock panel-body">
    <div class="image">
        <a href="https://eportfolio.u-pec.fr/artefact/artefact.php?artefact=65083&amp;view=24049">
            <img rel="leap2:has_part" href="portfolio:artefact65083" alt="" /></a>
    </div>

    
</div>

    <div class="comments pull-left">
        
                    <a class="addcomment link-blocktype" href="https://eportfolio.u-pec.fr/artefact/artefact.php?view=24049&amp;artefact=65083">
                <span class="icon icon-arrow-circle-right"></span>
                Ajouter un commentaire
            </a>
        
    </div>

    <div class="feedback modal modal-docked" id="user_feedbacktable_100910">
        <div class="modal-dialog modal-lg">
            <div class="modal-content">
                <div class="modal-header clearfix">
                    
                        <span class="times">×</span>
                        <span class="sr-only">Fermer</span>
                    
                    <h4 class="modal-title pull-left">
                        <span class="icon icon-lg icon-comments left"></span>
                        Commentaires - quisuije-removebg-preview.png
                    </h4>
                                        <a class="addcomment pull-right" href="https://eportfolio.u-pec.fr/artefact/artefact.php?view=24049&amp;artefact=65083">
                        Ajouter un commentaire
                        <span class="icon icon-arrow-right right"></span>
                    </a>
                    
                </div>
                <div class="modal-body flush">
                
<div class="list-group list-group-lite">

</div>

                </div>
            </div>
        </div>
    </div>




        
                            <a href="https://eportfolio.u-pec.fr/artefact/artefact.php?artefact=65083&amp;view=24049&amp;block=100910" class="detail-link link-blocktype"><span class="icon icon-link"></span> Description alternative du lien</a>
            
        
    </div>
</div>
<div class="bt-text panel panel-secondary clearfix" id="user_blockinstance_100912">
            <h3 class="title panel-heading js-heading">
            

            Who am I ?
            


            

        </h3>
    

    <div class="block" id="user_blockinstance_100912_target">
        <div class="textblock panel-body flush">
<p style="text-align:center;">     My name is <strong>Maxime</strong> and I am 21. I am currently in my first year of Networks and Telecommunications BUT at the IUT of Vitry.</p>
<p style="text-align:center;">     I have always been great in <strong>scientific subjects</strong> in addition to have a good reasoning, which has brought me in <strong>scientific studies</strong> where I developed my critical mind and widened my open-mindedness.</p>
<p style="text-align:center;">     Besides, I have always been interested in <strong>hardware</strong> and wish to find a profession in this sector. I chose this BUT in order to increase my knowledge and to develop new skills or hone competences that I already possess in this vast field which, in my opinion, will be a pillar in our future society. But the most important reason is to acquire more experiences especially thanks to the <strong>Dual Training System</strong> starting from Second Year.</p>
<p style="text-align:center;">     My goal is to open <strong>my own cybersecurity company</strong>.</p>
</div>


        
    </div>
</div>
<div class="bt-resumefield panel panel-secondary clearfix" id="user_blockinstance_100916">
            <h3 class="title panel-heading js-heading">
            

            Parcours scolaire
            


            

        </h3>
    

    <div class="block" id="user_blockinstance_100916_target">
        


<div id="user_educationhistorylist_ab86" class="list-group list-group-lite">
        <div class="list-group-item">
        <h4 class="list-group-item-heading">
                        <span class="list-group-item-heading">
                Brevet à Collège Amédée Laplace
                <br /><span class="text-small text-muted">
                    Septembre 2011
                     - Juillet 2015
                </span>
            </span>
            
        </h4>

        <div id="user_education-content-591-63942" class="collapse resume-content">
            

            
        </div>
    </div>
        <div class="list-group-item">
        <h4 class="list-group-item-heading">
                        <a href="#education-content-593-63942" class="text-left collapsed collapsible">
                Baccalauréat Général à Lycée Général Léon Blum
                <span class="icon icon-chevron-down pull-right collapse-indicator"></span>
                <br /><span class="text-small text-muted">
                    Septembre 2015
                     - Juillet 2018
                </span>
            </a>
            
        </h4>

        <div id="user_education-content-593-63942" class="collapse resume-content">
                        <p class="content-text">
                Parcours scientifique : 1ère Scientifique puis Terminale Scientifique spécialité Physique Chimie
            </p>
            

            
        </div>
    </div>
        <div class="list-group-item">
        <h4 class="list-group-item-heading">
                        <a href="#education-content-614-63942" class="text-left collapsed collapsible">
                UFR de Mathématiques et Informatiques (Licence) à Université de Paris (Université Paris Descartes)
                <span class="icon icon-chevron-down pull-right collapse-indicator"></span>
                <br /><span class="text-small text-muted">
                    Septembre 2018
                     - Juin 2020
                </span>
            </a>
            
        </h4>

        <div id="user_education-content-614-63942" class="collapse resume-content">
                        <p class="content-text">
                J'ai fait 2 ans de licence à Paris Descartes en mathématiques et informatiques que j'ai décidé d'arrêter car j'ai trouvé que cela ne me correspondait pas.
            </p>
            

            
        </div>
    </div>
        <div class="list-group-item">
        <h4 class="list-group-item-heading">
                        <span class="list-group-item-heading">
                Permis de conduire à Auto école Universelle 75012
                <br /><span class="text-small text-muted">
                    Août 2019
                     - Octobre 2019
                </span>
            </span>
            
        </h4>

        <div id="user_education-content-597-63942" class="collapse resume-content">
            

            
        </div>
    </div>
        <div class="list-group-item">
        <h4 class="list-group-item-heading">
                        <span class="list-group-item-heading">
                BUT Réseaux &amp; Télécommunications  (BUT) à IUT - UPEC Créteil-Vitry (Site de Vitry)
                <br /><span class="text-small text-muted">
                    2 Septembre 2021
                     - Maintenant
                </span>
            </span>
            
        </h4>

        <div id="user_education-content-607-63942" class="collapse resume-content">
            

            
        </div>
    </div>
    
</div>
<a href="https://eportfolio.u-pec.fr/artefact/artefact.php?artefact=63942&amp;view=24049&amp;block=100916" class="detail-link link-blocktype"><span class="icon icon-link"></span> Description alternative du lien</a>
            
        
    </div>
</div>
<div class="bt-resumefield panel panel-secondary clearfix" id="user_blockinstance_100925">
            <h3 class="title panel-heading js-heading">
            

            Certifications, accréditations et prix obtenus
            


            

        </h3>
    

    <div class="block" id="user_blockinstance_100925_target">
        


<div id="user_certificationlist_4e22" class="list-group list-group-lite">
        <div class="list-group-item">
        <h5 class="list-group-item-heading">
                    <a href="#certification-content-193-63999" class="text-left collapsed collapsible">
                Brevet
                <span class="icon icon-chevron-down pull-right collapse-indicator"></span>
                <br /><span class="text-small text-muted">
                    2015
                </span>
            </a>
        
        </h5>

        <div id="user_certification-content-193-63999" class="collapse resume-content">
                        <p class="content-text">
                Obtention du brevet des collèges avec mention Très Bien
            </p>
            

            
        </div>
    </div>
        <div class="list-group-item">
        <h5 class="list-group-item-heading">
                    <a href="#certification-content-194-63999" class="text-left collapsed collapsible">
                Baccaulauréat Général Scientifique
                <span class="icon icon-chevron-down pull-right collapse-indicator"></span>
                <br /><span class="text-small text-muted">
                    2018
                </span>
            </a>
        
        </h5>

        <div id="user_certification-content-194-63999" class="collapse resume-content">
                        <p class="content-text">
                Obtention du baccalauréat général scientifique spécialité physique du lycée avec mention Assez Bien.
            </p>
            

            
        </div>
    </div>
        <div class="list-group-item">
        <h5 class="list-group-item-heading">
                    Permis de conduire
            <br /><span class="text-small text-muted">
                22 Octobre 2019
            </span>
        
        </h5>

        <div id="user_certification-content-195-63999" class="collapse resume-content">
            

            
        </div>
    </div>
    
</div>
<a href="https://eportfolio.u-pec.fr/artefact/artefact.php?artefact=63999&amp;view=24049&amp;block=100925" class="detail-link link-blocktype"><span class="icon icon-link"></span> Description alternative du lien</a>
            
        
    </div>
</div>
<div class="bt-myviews panel panel-secondary clearfix" id="user_blockinstance_99601">
            <h3 class="title panel-heading js-heading">
            

            My portfolios
            


            

        </h3>
    

    <div class="block" id="user_blockinstance_99601_target">
            <div class="list-group">
        <div id="user_myviewlist" class="list-group">
            

        </div>
            <div id="user_myviews_page_container" class="hidden"><div id="user_myviews_pagination" class="pagination-wrapper center"></div></div>
    
        </div>




        
    </div>
</div>
<div class="bt-blog panel panel-secondary clearfix" id="user_blockinstance_100915">
            <h3 class="title panel-heading js-heading">
            

            SAÉ14
            


            

        </h3>
    

    <div class="block" id="user_blockinstance_100915_target">
        <div class="blog">
    
    
    

    <div id="user_blogdescription" class="content-text"><p>Journal retraçant la SAE14</p>
    
    </div>

            <div id="user_postlist_100915" class="fullwidth list-group">
              <div class="post list-group-item clearfix flush">
        <div class="post-heading">
            <h4 class="title">
                <a href="https://eportfolio.u-pec.fr/artefact/artefact.php?artefact=65077&amp;view=24049">Semaine 3 de la SAÉ14</a>
            </h4>
            <div class="postdetails metadata">
                <span class="icon icon-calendar left"></span>
                Écrit par Maxime Xu le 07 octobre 2021, 11:26
            </div>
            
        </div>

        <div class="content-text">
            <p style="text-align:center;">On a commencé à créer notre <strong>blog</strong>. Puis nous avons commencé à voir le contenu que devra posséder notre portfolio et comment l'alimenter.</p>
        </div>

        

        
    </div>
    <div class="post list-group-item clearfix flush">
        <div class="post-heading">
            <h4 class="title">
                <a href="https://eportfolio.u-pec.fr/artefact/artefact.php?artefact=64374&amp;view=24049">Semaine 2 de la SAÉ 14</a>
            </h4>
            <div class="postdetails metadata">
                <span class="icon icon-calendar left"></span>
                Écrit par Maxime Xu le 28 septembre 2021, 12:34
            </div>
            
        </div>

        <div class="content-text">
            <p style="text-align:center;">On a rédigé la<strong> lettre de motivation</strong> ainsi que compléter le<strong> curriculum vitae</strong> avant de les mettre en ligne. On a ensuite regardé des vidéos de speech afin de préparer notre vidéo de présentation pour nous rendre compte de l'importance des <strong>gestes</strong> et de<strong> l'intonation</strong> lorsque l'on parle. Puis, on a réfléchi au contenu que devra contenir notre courte vidéo de présentation.</p>
        </div>

        

        
    </div>
    <div class="post list-group-item clearfix flush">
        <div class="post-heading">
            <h4 class="title">
                <a href="https://eportfolio.u-pec.fr/artefact/artefact.php?artefact=64358&amp;view=24049">Semaine 1 de la SAÉ 14</a>
            </h4>
            <div class="postdetails metadata">
                <span class="icon icon-calendar left"></span>
                Écrit par Maxime Xu le 28 septembre 2021, 11:48
            </div>
            
        </div>

        <div class="content-text">
            <p style="text-align:center;">Nous avons vu la base de comment <strong>se présenter sur internet</strong> ainsi qu'une introduction au <strong>portfolio</strong>. Puis, nous avons observé les différentes fonctionnalités ainsi que la gestion des différents contenus de <strong>Mahara</strong>. Après cela, nous avons essayé rapidement Mahara et créé un compte <strong>GitHub</strong>. Nous avons testé les différentes fonctionnalités de ce dernier notamment sa fonction de sauvegarde de données. Nous avons fini par un début de personnalisation de notre portfolio.</p>
        </div>

        

        
    </div>


        </div>
        
        
    
    
</div>


        
                            <a href="https://eportfolio.u-pec.fr/artefact/artefact.php?artefact=63671&amp;view=24049" class="detail-link link-blocktype"><span class="icon icon-link"></span> Description alternative du lien</a>
            
        
    </div>
</div>

    </div>
</div>
<div id="user_row_1_column_2" class="column-layout columns2 last col-width-50" style="width:48%;">
    <div class="column-content">
        <div class="bt-profileinfo panel panel-secondary clearfix" id="user_blockinstance_99602">
            <h3 class="title panel-heading js-heading">
            

            Présentation
            


            

        </h3>
    

    <div class="block" id="user_blockinstance_99602_target">
        <div class="panel-body flush">


    <p style="text-align:center;">     Je m'appelle <strong>Maxime</strong>, j'ai actuellement 21 et suis en première année de BUT en Réseaux et Télécommunications à l'IUT de Créteil-Vitry.</p>
<p style="text-align:center;">     J'ai toujours été bon dans les <strong>domaines scientifiques</strong>, en plus de posséder une bonne logique, ce qui m'a amené à un <strong>parcours scientifique</strong> où j'ai développé un esprit très critique et élargi mon ouverture d'esprit.</p>
<p style="text-align:center;">     De plus, j'ai toujours été intéressé par le <strong>hardware</strong> et souhaite trouver une profession dans ce secteur. J'ai choisi ce BUT en ayant pour objectif d'approfondir davantage mes connaissances et de développer de nouvelles compétences ou d'aiguiser celles que je possède déjà dans ce vaste domaine qui, selon moi, deviendra un pilier de notre future société. Mais aussi pour acquérir davantage d'expériences notamment par la <strong>formation en alternance</strong> à partir de la seconde année.</p>
<p style="text-align:center;">     Mon objectif est d'ouvrir <strong>ma propre boîte de cybersécurité</strong>.</p>
<p style="text-align:center;"> </p>

    <ul class="unstyled profile-info"><li><strong>Identifiant étudiant:</strong> u32104812</li>
            
                    
                                    <li><strong>Nom préféré:</strong> Maxime Xu</li>
            
                                    <li><strong>Pays:</strong> France</li>
            
        
    </ul></div>


        
    </div>
</div>
<div class="bt-resumefield panel panel-secondary clearfix" id="user_blockinstance_100914">
            <h3 class="title panel-heading js-heading">
            

            Hobbies
            


            

        </h3>
    

    <div class="block" id="user_blockinstance_100914_target">
        <p style="text-align:center;">Je m'intéresse au <strong>hardware</strong>, notamment au montage et fonctionnement des ordinateurs ainsi que leurs composants. J'aime également<strong> l'astrophysique</strong>, en effet il m'arrive de regarder des vidéos sur ses sujets. Je suis également l'activité <strong>eSport</strong> car je pense que c'est un domaine qui prendra davantage d'ampleur dans le futur. De plus, je trouve la <strong>culture japonaise</strong> assez captivante, ainsi je lis pendant mon temps libre des mangas ou light novels (roman japonais).</p>


        
                            <a href="https://eportfolio.u-pec.fr/artefact/artefact.php?artefact=64324&amp;view=24049&amp;block=100914" class="detail-link link-blocktype"><span class="icon icon-link"></span> Description alternative du lien</a>
            
        
    </div>
</div>
<div class="bt-image panel panel-secondary clearfix" id="user_blockinstance_100920">
            <h3 class="title panel-heading js-heading">
            

            How
            


            

        </h3>
    

    <div class="block" id="user_blockinstance_100920_target">
        <div class="imageblock panel-body">
    <div class="image">
        <a href="https://eportfolio.u-pec.fr/artefact/artefact.php?artefact=65081&amp;view=24049">
            <img rel="leap2:has_part" href="portfolio:artefact65081" alt="" /></a>
    </div>

    
</div>

    <div class="comments pull-left">
        
                    <a class="addcomment link-blocktype" href="https://eportfolio.u-pec.fr/artefact/artefact.php?view=24049&amp;artefact=65081">
                <span class="icon icon-arrow-circle-right"></span>
                Ajouter un commentaire
            </a>
        
    </div>

    <div class="feedback modal modal-docked" id="user_feedbacktable_100920">
        <div class="modal-dialog modal-lg">
            <div class="modal-content">
                <div class="modal-header clearfix">
                    
                        <span class="times">×</span>
                        <span class="sr-only">Fermer</span>
                    
                    <h4 class="modal-title pull-left">
                        <span class="icon icon-lg icon-comments left"></span>
                        Commentaires - ho.png
                    </h4>
                                        <a class="addcomment pull-right" href="https://eportfolio.u-pec.fr/artefact/artefact.php?view=24049&amp;artefact=65081">
                        Ajouter un commentaire
                        <span class="icon icon-arrow-right right"></span>
                    </a>
                    
                </div>
                <div class="modal-body flush">
                
<div class="list-group list-group-lite">

</div>

                </div>
            </div>
        </div>
    </div>




        
                            <a href="https://eportfolio.u-pec.fr/artefact/artefact.php?artefact=65081&amp;view=24049&amp;block=100920" class="detail-link link-blocktype"><span class="icon icon-link"></span> Description alternative du lien</a>
            
        
    </div>
</div>
<div class="bt-resumefield panel panel-secondary clearfix" id="user_blockinstance_100917">
            <h3 class="title panel-heading js-heading">
            

            Expérience professionnelle
            


            

        </h3>
    

    <div class="block" id="user_blockinstance_100917_target">
        <div class="panel-body flush">
<p style="text-align:center;">Ayant fait un stage d'une semaine de comptabilité en troisième, j'ai pu voir comment fonctionner une entreprise depuis l'intérieur. De plus, grâce à cela, j'ai pu approfondir mes connaissances dans le domaine de la <strong>finance</strong>. J'ai également pu aiguiser mes compétences <strong>d'analyse de données</strong> et de certains logiciels notamment ceux de <strong>tableurs</strong> ainsi que ma vitesse de frappe au clavier.</p>
<p style="text-align:center;">En plus de cela, j'ai beaucoup travaillé dans le <strong>restaurant</strong> que mes parents tiennent en tant que <strong>serveur</strong> et <strong>livreur</strong>. Cela m'a permis d'améliorer ma <strong>communication avec autrui</strong> en plus d'avoir une<strong> vraie expérience professionnelle</strong>. Ayant été confronté aux aléas du travail, je pense être <strong>flexible</strong> et capable de m'adapter à toute situation.</p>
<p style="text-align:center;">De plus, je maîtrise à un bon niveau les <strong>logiciels de traitements de textes, de données et autres</strong>, qu'il s'agit de ceux de Libre Office, Open Office ou Microsoft Office.</p>


</div>



        
                            <a href="https://eportfolio.u-pec.fr/artefact/artefact.php?artefact=64091&amp;view=24049&amp;block=100917" class="detail-link link-blocktype"><span class="icon icon-link"></span> Description alternative du lien</a>
            
        
    </div>
</div>
<div class="bt-wall panel panel-secondary clearfix" id="user_blockinstance_99598">
            <h3 class="title panel-heading js-heading">
            

            Mur
            


            

        </h3>
    

    <div class="block" id="user_blockinstance_99598_target">
        <div id="user_wall-wrap" class="panel-form"><p class="metadata">Au maximum 1500 caractères par message.</p><div>Envoyer <span class="requiredmarker">*</span></div><div class="makeprivate checkbox form-group">Rendre votre message privé ? <div class="form-switch">    <div class="switch" style="width:61px;">            <span class="switch-inner"></span>            <span class="switch-indicator"></span>            <span class="state-label on">Yes</span>            <span class="state-label off">No</span>            </div></div></div><div class="form-group"></div></div><div id="user_wall" class="wall">
            <div class="lead text-small text-center">Aucun message à afficher sur le mur</div>
    
    
</div>
    <a href="https://eportfolio.u-pec.fr/blocktype/wall/wall.php?id=99598" class="detail-link link-blocktype"><span class="icon icon-arrow-circle-right"></span> Voir tout le mur</a>



        
    </div>
</div>

    </div>
</div>

    </div>
</div>
</div></div></content>
        <rdf:type rdf:resource="leap2:selection"/>

        <link rel="leap2:has_part" href="portfolio:artefact64091"/>
        <link rel="leap2:has_part" href="portfolio:artefact63942"/>
        <link rel="leap2:has_part" href="portfolio:artefact64324"/>
        <link rel="leap2:has_part" href="portfolio:artefact65083"/>
        <link rel="leap2:has_part" href="portfolio:artefact65081"/>
        <link rel="leap2:has_part" href="portfolio:artefact63671"/>
        <link rel="leap2:has_part" href="portfolio:artefact65077"/>
        <link rel="leap2:has_part" href="portfolio:artefact64374"/>
        <link rel="leap2:has_part" href="portfolio:artefact64358"/>
        <link rel="leap2:has_part" href="portfolio:artefact63999"/>
        <link rel="leap2:has_part" href="portfolio:artefact63669"/>
        <link rel="leap2:has_part" href="portfolio:artefact63840"/>
        <link rel="leap2:has_part" href="portfolio:artefact63670"/>
        <link rel="leap2:has_part" href="portfolio:artefact63742"/>


        <category term="Webpage" scheme="categories:selection_type#"/>





        <mahara:view mahara:layout="50,50" mahara:type="profile" mahara:ownerformat="6">
          <mahara:row>
            <mahara:column>
                <mahara:blockinstance mahara:blocktype="image" mahara:blocktitle="Who">
                    <mahara:artefactid>[&quot;portfolio:artefact65083&quot;]</mahara:artefactid>
                    <mahara:showdescription>[false]</mahara:showdescription>
                    <mahara:width>[&quot;&quot;]</mahara:width>
                    <mahara:retractable>[0]</mahara:retractable>
                    <mahara:retractedonload>[0]</mahara:retractedonload>

                </mahara:blockinstance>
                <mahara:blockinstance mahara:blocktype="text" mahara:blocktitle="Who am I ?">
                    <mahara:text>[&quot;&lt;p style=\&quot;text-align: center;\&quot;&gt;&amp;nbsp;&amp;nbsp;&amp;nbsp;&amp;nbsp; My name is &lt;strong&gt;Maxime&lt;\/strong&gt; and I am 21. I am currently in my first year of Networks and Telecommunications BUT at the IUT of Vitry.&lt;\/p&gt;\r\n&lt;p style=\&quot;text-align: center;\&quot;&gt;&amp;nbsp;&amp;nbsp;&amp;nbsp;&amp;nbsp; I have always been great in &lt;strong&gt;scientific subjects&lt;\/strong&gt; in addition to have a good reasoning, which has brought me in &lt;strong&gt;scientific studies&lt;\/strong&gt; where I developed my critical mind and widened my open-mindedness.&lt;\/p&gt;\r\n&lt;p style=\&quot;text-align: center;\&quot;&gt;&amp;nbsp;&amp;nbsp;&amp;nbsp;&amp;nbsp; Besides, I have always been interested in &lt;strong&gt;hardware&lt;\/strong&gt; and wish to find a profession in this sector. I chose this BUT in order to increase my knowledge and to develop new skills or hone competences that I already possess in this vast field which, in my opinion, will be a pillar in our future society. But the most important reason is to acquire more experiences especially thanks to the &lt;strong&gt;Dual Training System&lt;\/strong&gt; starting from Second Year.&lt;\/p&gt;\r\n&lt;p style=\&quot;text-align: center;\&quot;&gt;&amp;nbsp;&amp;nbsp;&amp;nbsp;&amp;nbsp; My goal is to open &lt;strong&gt;my own cybersecurity company&lt;\/strong&gt;.&lt;\/p&gt;&quot;]</mahara:text>

                </mahara:blockinstance>
                <mahara:blockinstance mahara:blocktype="resumefield" mahara:blocktitle="Parcours scolaire">
                    <mahara:artefacttype>[&quot;educationhistory&quot;]</mahara:artefacttype>

                </mahara:blockinstance>
                <mahara:blockinstance mahara:blocktype="resumefield" mahara:blocktitle="">
                    <mahara:artefacttype>[&quot;certification&quot;]</mahara:artefacttype>

                </mahara:blockinstance>
                <mahara:blockinstance mahara:blocktype="myviews" mahara:blocktitle="My pages">

                </mahara:blockinstance>
                <mahara:blockinstance mahara:blocktype="blog" mahara:blocktitle="">
                    <mahara:artefactid>[&quot;portfolio:artefact63671&quot;]</mahara:artefactid>
                    <mahara:count>[&quot;5&quot;]</mahara:count>
                    <mahara:copytype>[&quot;nocopy&quot;]</mahara:copytype>
                    <mahara:retractable>[0]</mahara:retractable>
                    <mahara:removeoncancel>[1]</mahara:removeoncancel>
                    <mahara:sure>[1]</mahara:sure>
                    <mahara:retractedonload>[0]</mahara:retractedonload>

                </mahara:blockinstance>

            </mahara:column>
            <mahara:column>
                <mahara:blockinstance mahara:blocktype="profileinfo" mahara:blocktitle="Présentation">
                    <mahara:fields>[[&quot;studentid&quot;,&quot;introduction&quot;,&quot;preferredname&quot;,&quot;country&quot;]]</mahara:fields>
                    <mahara:introtext>[&quot;&quot;]</mahara:introtext>

                </mahara:blockinstance>
                <mahara:blockinstance mahara:blocktype="resumefield" mahara:blocktitle="Hobbies">
                    <mahara:artefacttype>[&quot;interest&quot;]</mahara:artefacttype>

                </mahara:blockinstance>
                <mahara:blockinstance mahara:blocktype="image" mahara:blocktitle="How">
                    <mahara:artefactid>[&quot;portfolio:artefact65081&quot;]</mahara:artefactid>
                    <mahara:showdescription>[false]</mahara:showdescription>
                    <mahara:width>[&quot;&quot;]</mahara:width>
                    <mahara:retractable>[0]</mahara:retractable>
                    <mahara:retractedonload>[0]</mahara:retractedonload>

                </mahara:blockinstance>
                <mahara:blockinstance mahara:blocktype="resumefield" mahara:blocktitle="Expérience professionnelle">
                    <mahara:artefacttype>[&quot;workskill&quot;]</mahara:artefacttype>

                </mahara:blockinstance>
                <mahara:blockinstance mahara:blocktype="wall" mahara:blocktitle="Wall">

                </mahara:blockinstance>

            </mahara:column>

          </mahara:row>

        </mahara:view>
    </entry>

    <entry>
        <title>Dashboard page</title>
        <id>portfolio:view24050</id>

        <updated>2021-09-24T14:02:04+02:00</updated>
        <published>2021-09-24T14:02:04+02:00</published>

        <content type="xhtml"><div xmlns="http://www.w3.org/1999/xhtml"><div><div id="user_row_1" class="clearfix">
    <div class="row-content">
    <div id="user_row_1_column_1" class="column-layout columns2 first col-width-50" style="width:48%;">
    <div class="column-content">
        <div class="bt-newviews panel panel-secondary clearfix" id="user_blockinstance_99606">
            <h3 class="title panel-heading js-heading">
            

            Latest changes I can view
            


            

        </h3>
    

    <div class="block" id="user_blockinstance_99606_target">
        <div class="list-group">
        <div class="list-group-item">
        <h4 class="list-group-item-heading text-inline">
            <a href="https://eportfolio.u-pec.fr/view/view.php?id=24251">My projets</a>
        </h4>
        <span class="text-small text-midtone"></span>
                <div class="groupuserdate text-small">
                                            <a href="https://eportfolio.u-pec.fr/user/view.php?id=2994" class="text-link">
                    Hadi Mene
                </a>
            
        
            <span class="postedon text-midtone">
                -                     Mis à jour
                
                07 octobre 2021
            </span>
        </div>
                <p class="detail list-group-item-text text-small">
            Here you can find different projects I have worked on
        </p>
        
    </div>
        <div class="list-group-item">
        <h4 class="list-group-item-heading text-inline">
            <a href="https://eportfolio.u-pec.fr/view/view.php?id=24445">Le portfolio</a>
        </h4>
        <span class="text-small text-midtone">(1 page)</span>
                <div class="groupuserdate text-small">
                        <a href="https://eportfolio.u-pec.fr/group/view.php?id=257" class="text-link">
                IUT-CV / BUT-RT
            </a>
            
            <span class="postedon text-midtone">
                -                     Mis à jour
                
                07 octobre 2021
            </span>
        </div>
        
    </div>
        <div class="list-group-item">
        <h4 class="list-group-item-heading text-inline">
            <a href="https://eportfolio.u-pec.fr/view/view.php?id=24415">Les ressources du BUT Réseaux et Télécoms</a>
        </h4>
        <span class="text-small text-midtone">(1 page)</span>
                <div class="groupuserdate text-small">
                        <a href="https://eportfolio.u-pec.fr/group/view.php?id=257" class="text-link">
                IUT-CV / BUT-RT
            </a>
            
            <span class="postedon text-midtone">
                -                     Mis à jour
                
                07 octobre 2021
            </span>
        </div>
        
    </div>
        <div class="list-group-item">
        <h4 class="list-group-item-heading text-inline">
            <a href="https://eportfolio.u-pec.fr/view/view.php?id=22487">Les SAE du BUT Réseaux et Télécoms</a>
        </h4>
        <span class="text-small text-midtone">(1 page)</span>
                <div class="groupuserdate text-small">
                        <a href="https://eportfolio.u-pec.fr/group/view.php?id=257" class="text-link">
                IUT-CV / BUT-RT
            </a>
            
            <span class="postedon text-midtone">
                -                     Mis à jour
                
                06 octobre 2021
            </span>
        </div>
                <p class="detail list-group-item-text text-small">
            Vous trouverez ici l'ensemble des informations liées aux SAE du BUT Réseaux et Télécoms
        </p>
        
    </div>
        <div class="list-group-item">
        <h4 class="list-group-item-heading text-inline">
            <a href="https://eportfolio.u-pec.fr/view/view.php?id=23854">BUT-RT: Portfolio de DA CONCEICAO FELGUEIRAS Fabio </a>
        </h4>
        <span class="text-small text-midtone">(1 page)</span>
                <div class="groupuserdate text-small">
                                            <a href="https://eportfolio.u-pec.fr/user/view.php?id=2949" class="text-link">
                    Fabio Da conceicao felgueiras
                </a>
            
        
            <span class="postedon text-midtone">
                -                     Mis à jour
                
                06 octobre 2021
            </span>
        </div>
        
    </div>
    
</div>



        
    </div>
</div>
<div class="bt-myviews panel panel-secondary clearfix" id="user_blockinstance_99605">
            <h3 class="title panel-heading js-heading">
            

            My portfolios
            


            

        </h3>
    

    <div class="block" id="user_blockinstance_99605_target">
            <div class="list-group">
        <div id="user_myviewlist" class="list-group">
            

        </div>
            <div id="user_myviews_page_container" class="hidden"><div id="user_myviews_pagination" class="pagination-wrapper center"></div></div>
    
        </div>




        
    </div>
</div>

    </div>
</div>
<div id="user_row_1_column_2" class="column-layout columns2 last col-width-50" style="width:48%;">
    <div class="column-content">
        <div class="bt-inbox panel panel-secondary clearfix" id="user_blockinstance_99603">
            <h3 class="title panel-heading js-heading">
            

            Boîte de réception
            


            

        </h3>
    

    <div class="block" id="user_blockinstance_99603_target">
            <div id="user_inboxblock" class="inboxblock list-group">
                <div class="has-attachment panel-default collapsible list-group-item">
                            <a class="collapsed link-block" href="#message_content_maharamessage_46541">
                                            <span class="icon icon-wrench text-default left"></span>
                    
                    <span class="sr-only"></span>
                    Vous avez été invité à rejoindre un groupe
                    <span class="icon icon-chevron-down collapse-indicator pull-right text-small"></span>
                </a>
            
            <div class="collapse" id="user_message_content_maharamessage_46541">
                                    <p class="content-text">ANSELEME EMMANUEL vous a invité rejoindre le groupe «QUE DES VRAIS». Cliquez sur le lien ci-dessous pour plus d'information.</p>
                                        <a href="https://eportfolio.u-pec.fr/group/view.php?id=264" class="text-small">
                        QUE DES VRAIS <span class="icon icon-arrow-right mls icon-sm"></span>
                    </a>
                    
                    
                
            </div>
        </div>
                <div class="has-attachment panel-default collapsible list-group-item">
                            <a class="collapsed link-block" href="#message_content_maharamessage_46523">
                                            <span class="icon icon-wrench text-default left"></span>
                    
                    <span class="sr-only"></span>
                    Demande de rejoindre la liste de contacts acceptée
                    <span class="icon icon-chevron-down collapse-indicator pull-right text-small"></span>
                </a>
            
            <div class="collapse" id="user_message_content_maharamessage_46523">
                                    <p class="content-text">ANSELEME EMMANUEL a accepté votre demande et a été ajouté à votre liste de contacts</p>
                                        <a href="https://eportfolio.u-pec.fr/user/view.php?id=3000" class="text-small">
                        Plus... <span class="icon icon-arrow-right mls icon-sm"></span>
                    </a>
                    
                    
                
            </div>
        </div>
                <div class="has-attachment panel-default collapsible list-group-item">
                            <a class="collapsed link-block" href="#message_content_maharamessage_46472">
                                            <span class="icon icon-wrench text-default left"></span>
                    
                    <span class="sr-only"></span>
                    Nouvelle demande d'ajout à la iste des...
                    <span class="icon icon-chevron-down collapse-indicator pull-right text-small"></span>
                </a>
            
            <div class="collapse" id="user_message_content_maharamessage_46472">
                                    <p class="content-text">Rayane Ligali vous demande de l'ajouter à votre liste de contacts. Vous pouvez accepter cette demande soit en cliquant sur le lien ci-dessous, soit en allant sur la page contenant la liste de vos contacts. La raison qui est accompagne cette demande est :<br />
    bien</p>
                                        <a href="https://eportfolio.u-pec.fr/user/view.php?id=2992" class="text-small">
                        Demandes d'affiliation <span class="icon icon-arrow-right mls icon-sm"></span>
                    </a>
                    
                    
                
            </div>
        </div>
                <div class="has-attachment panel-default collapsible list-group-item">
                            <a class="collapsed link-block" href="#message_content_maharamessage_46461">
                                            <span class="icon icon-wrench text-default left"></span>
                    
                    <span class="sr-only"></span>
                    Institution membership confirmation
                    <span class="icon icon-chevron-down collapse-indicator pull-right text-small"></span>
                </a>
            
            <div class="collapse" id="user_message_content_maharamessage_46461">
                                    <p class="content-text">You have been added as a member of UPEC.</p>
                    
                    
                
            </div>
        </div>
        
    </div>
    



        
                            <a href="https://eportfolio.u-pec.fr/module/multirecipientnotification/inbox.php" class="detail-link link-blocktype"><span class="icon icon-link"></span> Description alternative du lien</a>
            
        
    </div>
</div>
<div class="bt-inbox panel panel-secondary clearfix" id="user_blockinstance_99604">
            <h3 class="title panel-heading js-heading">
            

            Sujets que je suis
            


            

        </h3>
    

    <div class="block" id="user_blockinstance_99604_target">
            <div class="panel-body">
        <p class="lead text-small">Pas de messages</p>
    </div>



        
                            <a href="https://eportfolio.u-pec.fr/module/multirecipientnotification/inbox.php" class="detail-link link-blocktype"><span class="icon icon-link"></span> Description alternative du lien</a>
            
        
    </div>
</div>

    </div>
</div>

    </div>
</div>
</div></div></content>
        <rdf:type rdf:resource="leap2:selection"/>



        <category term="Webpage" scheme="categories:selection_type#"/>





        <mahara:view mahara:layout="50,50" mahara:type="dashboard" mahara:ownerformat="6">
          <mahara:row>
            <mahara:column>
                <mahara:blockinstance mahara:blocktype="newviews" mahara:blocktitle="">
                    <mahara:limit>[5]</mahara:limit>

                </mahara:blockinstance>
                <mahara:blockinstance mahara:blocktype="myviews" mahara:blocktitle="">

                </mahara:blockinstance>

            </mahara:column>
            <mahara:column>
                <mahara:blockinstance mahara:blocktype="inbox" mahara:blocktitle="">
                    <mahara:feedback>[true]</mahara:feedback>
                    <mahara:groupmessage>[true]</mahara:groupmessage>
                    <mahara:institutionmessage>[true]</mahara:institutionmessage>
                    <mahara:maharamessage>[true]</mahara:maharamessage>
                    <mahara:usermessage>[true]</mahara:usermessage>
                    <mahara:viewaccess>[true]</mahara:viewaccess>
                    <mahara:watchlist>[true]</mahara:watchlist>
                    <mahara:maxitems>[&quot;5&quot;]</mahara:maxitems>
                    <mahara:wallpost>[true]</mahara:wallpost>

                </mahara:blockinstance>
                <mahara:blockinstance mahara:blocktype="inbox" mahara:blocktitle="">
                    <mahara:newpost>[true]</mahara:newpost>
                    <mahara:maxitems>[&quot;5&quot;]</mahara:maxitems>

                </mahara:blockinstance>

            </mahara:column>

          </mahara:row>

        </mahara:view>
    </entry>

    <entry>
        <title>R101 - Initialisation aux réseaux informatiques</title>
        <id>portfolio:view24072</id>

        <updated>2021-10-07T12:12:27+02:00</updated>
        <published>2021-09-24T14:02:42+02:00</published>

        <content type="xhtml"><div xmlns="http://www.w3.org/1999/xhtml"><div><div id="user_row_1" class="clearfix">
    <div class="row-content">
    <div id="user_row_1_column_1" class="column-layout columns3 first col-width-33" style="width:31%;">
    <div class="column-content">
        
    </div>
</div>
<div id="user_row_1_column_2" class="column-layout columns3 col-width-33" style="width:31%;">
    <div class="column-content">
        
    </div>
</div>
<div id="user_row_1_column_3" class="column-layout columns3 last col-width-33" style="width:31%;">
    <div class="column-content">
        
    </div>
</div>

    </div>
</div>
</div></div></content>
        <rdf:type rdf:resource="leap2:selection"/>

        <link rel="is_part_of" href="portfolio:collection3069"/>


        <category term="Webpage" scheme="categories:selection_type#"/>





        <mahara:view mahara:layout="33,33,33" mahara:type="portfolio" mahara:ownerformat="6">
          <mahara:row>
            <mahara:column>

            </mahara:column>
            <mahara:column>

            </mahara:column>
            <mahara:column>

            </mahara:column>

          </mahara:row>

        </mahara:view>
    </entry>

    <entry>
        <title>SAÉ14</title>
        <id>portfolio:artefact63671</id>

        <updated>2021-09-28T11:11:12+02:00</updated>
        <published>2021-09-24T14:02:04+02:00</published>

        <content type="xhtml"><div xmlns="http://www.w3.org/1999/xhtml"><div><p>Journal retraçant la SAE14</p></div></div></content>
        <rdf:type rdf:resource="leap2:selection"/>
        <mahara:artefactplugin mahara:type="blog" mahara:plugin="blog"/>
        <link rel="leap2:is_part_of" href="portfolio:view24049"/>
        <link rel="leap2:has_part" href="portfolio:artefact64358"/>
        <link rel="leap2:has_part" href="portfolio:artefact64374"/>
        <link rel="leap2:has_part" href="portfolio:artefact65077"/>


        <category term="Blog" scheme="categories:selection_type#"/>



    </entry>


    <entry>
        <title>silhouette.png</title>
        <id>portfolio:artefact63737</id>

        <updated>2021-09-24T14:02:18+02:00</updated>
        <published>2021-09-24T14:02:18+02:00</published>

        <content></content>
        <rdf:type rdf:resource="leap2:resource"/>
        <mahara:artefactplugin mahara:type="image" mahara:plugin="file"/>
        <link rel="enclosure" type="image/png" href="files/0-silhouette.png"/>


        <category term="Offline" scheme="categories:resource_type#" label="File"/>



    </entry>


    <entry>
        <title>images</title>
        <id>portfolio:artefact63917</id>

        <updated>2021-09-24T15:03:28+02:00</updated>
        <published>2021-09-24T15:03:28+02:00</published>

        <content>Fichiers Image</content>
        <rdf:type rdf:resource="leap2:selection"/>
        <mahara:artefactplugin mahara:type="folder" mahara:plugin="file"/>
        <link rel="leap2:has_part" href="portfolio:artefact63918"/>


        <category term="Folder" scheme="categories:selection_type#"/>



    </entry>


    <entry>
        <title>photo de profil</title>
        <id>portfolio:artefact63918</id>

        <updated>2021-09-24T15:03:28+02:00</updated>
        <published>2021-09-24T15:03:28+02:00</published>
        <summary type="">Télécharger une image pour le profil</summary>
        <content></content>
        <rdf:type rdf:resource="leap2:resource"/>
        <mahara:artefactplugin mahara:type="profileicon" mahara:plugin="file"/>
        <link rel="enclosure" type="image/png" href="files/1-photo de profil"/>
        <link rel="leap2:is_part_of" href="portfolio:artefact63917"/>
        <link rel="related" href="portfolio:artefactinternal"/>


        <category term="Offline" scheme="categories:resource_type#" label="File"/>



    </entry>


    <entry>
        <title>Historique de formation</title>
        <id>portfolio:artefact63942</id>

        <updated>2021-10-07T11:11:04+02:00</updated>
        <published>2021-09-24T16:04:10+02:00</published>

        <content></content>
        <rdf:type rdf:resource="leap2:selection"/>
        <mahara:artefactplugin mahara:type="educationhistory" mahara:plugin="resume"/>
        <link rel="leap2:has_part" href="portfolio:resumecomposite-63942-child-614" leap2:display_order="3"/>
        <link rel="leap2:has_part" href="portfolio:resumecomposite-63942-child-607" leap2:display_order="5"/>
        <link rel="leap2:has_part" href="portfolio:resumecomposite-63942-child-597" leap2:display_order="4"/>
        <link rel="leap2:has_part" href="portfolio:resumecomposite-63942-child-593" leap2:display_order="2"/>
        <link rel="leap2:has_part" href="portfolio:resumecomposite-63942-child-591" leap2:display_order="1"/>


        <category term="Grouping" scheme="categories:selection_type#"/>



    </entry>


    <entry>
        <title>UFR de Mathématiques et Informatiques</title>
        <id>portfolio:resumecomposite-63942-child-614</id>

        <updated>2021-10-07T11:11:04+02:00</updated>


        <content>J&#039;ai fait 2 ans de licence à Paris Descartes en mathématiques et informatiques que j&#039;ai décidé d&#039;arrêter car j&#039;ai trouvé que cela ne me correspondait pas.</content>
        <rdf:type rdf:resource="leap2:activity"/>
        <mahara:artefactplugin mahara:type="pseudo:educationhistory" mahara:plugin="resume"/>
        <link rel="leap2:is_part_of" href="portfolio:artefact63942" leap2:display_order="3"/>
        <link rel="leap2:supported_by" href="portfolio:resumesibling-63942-sibling-614-rel-supports"/>
        <link rel="leap2:supports" href="portfolio:resumesibling-63942-sibling-614-rel-supported_by"/>


        <category term="Education" scheme="categories:life_area#"/>






        <leap2:date leap2:point="start" leap2:label="Septembre 2018"></leap2:date>

        <leap2:date leap2:point="end" leap2:label="Juin 2020"></leap2:date>

    </entry>

    <entry>
        <title>Université de Paris (Université Paris Descartes)</title>
        <id>portfolio:resumesibling-63942-sibling-614-rel-supports</id>

        <updated>2021-10-07T11:11:04+02:00</updated>


        <content></content>
        <rdf:type rdf:resource="leap2:organization"/>
        <mahara:artefactplugin mahara:type="pseudo:educationhistory" mahara:plugin="resume"/>
        <link rel="leap2:supports" href="portfolio:resumecomposite-63942-child-614"/>










    </entry>

    <entry>
        <title>Licence</title>
        <id>portfolio:resumesibling-63942-sibling-614-rel-supported_by</id>

        <updated>2021-10-07T11:11:04+02:00</updated>


        <content>UFR de Mathématiques et Informatiques</content>
        <rdf:type rdf:resource="leap2:achievement"/>
        <mahara:artefactplugin mahara:type="pseudo:educationhistory" mahara:plugin="resume"/>
        <link rel="leap2:supported_by" href="portfolio:resumecomposite-63942-child-614"/>










    </entry>

    <entry>
        <title>BUT Réseaux &amp; Télécommunications </title>
        <id>portfolio:resumecomposite-63942-child-607</id>

        <updated>2021-10-07T11:11:04+02:00</updated>


        <content></content>
        <rdf:type rdf:resource="leap2:activity"/>
        <mahara:artefactplugin mahara:type="pseudo:educationhistory" mahara:plugin="resume"/>
        <link rel="leap2:is_part_of" href="portfolio:artefact63942" leap2:display_order="5"/>
        <link rel="leap2:supported_by" href="portfolio:resumesibling-63942-sibling-607-rel-supports"/>
        <link rel="leap2:supports" href="portfolio:resumesibling-63942-sibling-607-rel-supported_by"/>


        <category term="Education" scheme="categories:life_area#"/>






        <leap2:date leap2:point="start" leap2:label="2 Septembre 2021"></leap2:date>

        <leap2:date leap2:point="end" leap2:label="Maintenant"></leap2:date>

    </entry>

    <entry>
        <title>IUT - UPEC Créteil-Vitry (Site de Vitry)</title>
        <id>portfolio:resumesibling-63942-sibling-607-rel-supports</id>

        <updated>2021-10-07T11:11:04+02:00</updated>


        <content></content>
        <rdf:type rdf:resource="leap2:organization"/>
        <mahara:artefactplugin mahara:type="pseudo:educationhistory" mahara:plugin="resume"/>
        <link rel="leap2:supports" href="portfolio:resumecomposite-63942-child-607"/>










    </entry>

    <entry>
        <title>BUT</title>
        <id>portfolio:resumesibling-63942-sibling-607-rel-supported_by</id>

        <updated>2021-10-07T11:11:04+02:00</updated>


        <content>BUT Réseaux &amp; Télécommunications </content>
        <rdf:type rdf:resource="leap2:achievement"/>
        <mahara:artefactplugin mahara:type="pseudo:educationhistory" mahara:plugin="resume"/>
        <link rel="leap2:supported_by" href="portfolio:resumecomposite-63942-child-607"/>










    </entry>

    <entry>
        <title>Permis de conduire</title>
        <id>portfolio:resumecomposite-63942-child-597</id>

        <updated>2021-10-07T11:11:04+02:00</updated>


        <content></content>
        <rdf:type rdf:resource="leap2:activity"/>
        <mahara:artefactplugin mahara:type="pseudo:educationhistory" mahara:plugin="resume"/>
        <link rel="leap2:is_part_of" href="portfolio:artefact63942" leap2:display_order="4"/>
        <link rel="leap2:supported_by" href="portfolio:resumesibling-63942-sibling-597-rel-supports"/>
        <link rel="leap2:supports" href="portfolio:resumesibling-63942-sibling-597-rel-supported_by"/>


        <category term="Education" scheme="categories:life_area#"/>






        <leap2:date leap2:point="start" leap2:label="Août 2019"></leap2:date>

        <leap2:date leap2:point="end" leap2:label="Octobre 2019"></leap2:date>

    </entry>

    <entry>
        <title>Auto école Universelle 75012</title>
        <id>portfolio:resumesibling-63942-sibling-597-rel-supports</id>

        <updated>2021-10-07T11:11:04+02:00</updated>


        <content></content>
        <rdf:type rdf:resource="leap2:organization"/>
        <mahara:artefactplugin mahara:type="pseudo:educationhistory" mahara:plugin="resume"/>
        <link rel="leap2:supports" href="portfolio:resumecomposite-63942-child-597"/>










    </entry>

    <entry>
        <title></title>
        <id>portfolio:resumesibling-63942-sibling-597-rel-supported_by</id>

        <updated>2021-10-07T11:11:04+02:00</updated>


        <content>Permis de conduire</content>
        <rdf:type rdf:resource="leap2:achievement"/>
        <mahara:artefactplugin mahara:type="pseudo:educationhistory" mahara:plugin="resume"/>
        <link rel="leap2:supported_by" href="portfolio:resumecomposite-63942-child-597"/>










    </entry>

    <entry>
        <title>Baccalauréat Général</title>
        <id>portfolio:resumecomposite-63942-child-593</id>

        <updated>2021-10-07T11:11:04+02:00</updated>


        <content>Parcours scientifique : 1ère Scientifique puis Terminale Scientifique spécialité Physique Chimie</content>
        <rdf:type rdf:resource="leap2:activity"/>
        <mahara:artefactplugin mahara:type="pseudo:educationhistory" mahara:plugin="resume"/>
        <link rel="leap2:is_part_of" href="portfolio:artefact63942" leap2:display_order="2"/>
        <link rel="leap2:supported_by" href="portfolio:resumesibling-63942-sibling-593-rel-supports"/>
        <link rel="leap2:supports" href="portfolio:resumesibling-63942-sibling-593-rel-supported_by"/>


        <category term="Education" scheme="categories:life_area#"/>






        <leap2:date leap2:point="start" leap2:label="Septembre 2015"></leap2:date>

        <leap2:date leap2:point="end" leap2:label="Juillet 2018"></leap2:date>

    </entry>

    <entry>
        <title>Lycée Général Léon Blum</title>
        <id>portfolio:resumesibling-63942-sibling-593-rel-supports</id>

        <updated>2021-10-07T11:11:04+02:00</updated>


        <content></content>
        <rdf:type rdf:resource="leap2:organization"/>
        <mahara:artefactplugin mahara:type="pseudo:educationhistory" mahara:plugin="resume"/>
        <link rel="leap2:supports" href="portfolio:resumecomposite-63942-child-593"/>










    </entry>

    <entry>
        <title></title>
        <id>portfolio:resumesibling-63942-sibling-593-rel-supported_by</id>

        <updated>2021-10-07T11:11:04+02:00</updated>


        <content>Baccalauréat Général</content>
        <rdf:type rdf:resource="leap2:achievement"/>
        <mahara:artefactplugin mahara:type="pseudo:educationhistory" mahara:plugin="resume"/>
        <link rel="leap2:supported_by" href="portfolio:resumecomposite-63942-child-593"/>










    </entry>

    <entry>
        <title>Brevet</title>
        <id>portfolio:resumecomposite-63942-child-591</id>

        <updated>2021-10-07T11:11:04+02:00</updated>


        <content></content>
        <rdf:type rdf:resource="leap2:activity"/>
        <mahara:artefactplugin mahara:type="pseudo:educationhistory" mahara:plugin="resume"/>
        <link rel="leap2:is_part_of" href="portfolio:artefact63942" leap2:display_order="1"/>
        <link rel="leap2:supported_by" href="portfolio:resumesibling-63942-sibling-591-rel-supports"/>
        <link rel="leap2:supports" href="portfolio:resumesibling-63942-sibling-591-rel-supported_by"/>


        <category term="Education" scheme="categories:life_area#"/>






        <leap2:date leap2:point="start" leap2:label="Septembre 2011"></leap2:date>

        <leap2:date leap2:point="end" leap2:label="Juillet 2015"></leap2:date>

    </entry>

    <entry>
        <title>Collège Amédée Laplace</title>
        <id>portfolio:resumesibling-63942-sibling-591-rel-supports</id>

        <updated>2021-10-07T11:11:04+02:00</updated>


        <content></content>
        <rdf:type rdf:resource="leap2:organization"/>
        <mahara:artefactplugin mahara:type="pseudo:educationhistory" mahara:plugin="resume"/>
        <link rel="leap2:supports" href="portfolio:resumecomposite-63942-child-591"/>










    </entry>

    <entry>
        <title></title>
        <id>portfolio:resumesibling-63942-sibling-591-rel-supported_by</id>

        <updated>2021-10-07T11:11:04+02:00</updated>


        <content>Brevet</content>
        <rdf:type rdf:resource="leap2:achievement"/>
        <mahara:artefactplugin mahara:type="pseudo:educationhistory" mahara:plugin="resume"/>
        <link rel="leap2:supported_by" href="portfolio:resumecomposite-63942-child-591"/>










    </entry>

    <entry>
        <title>Historique des emplois</title>
        <id>portfolio:artefact63998</id>

        <updated>2021-09-28T09:09:30+02:00</updated>
        <published>2021-09-24T16:04:18+02:00</published>

        <content></content>
        <rdf:type rdf:resource="leap2:selection"/>
        <mahara:artefactplugin mahara:type="employmenthistory" mahara:plugin="resume"/>
        <link rel="leap2:has_part" href="portfolio:resumecomposite-63998-child-443" leap2:display_order="2"/>


        <category term="Grouping" scheme="categories:selection_type#"/>



    </entry>


    <entry>
        <title>Serveur/Livreur</title>
        <id>portfolio:resumecomposite-63998-child-443</id>

        <updated>2021-09-28T09:09:30+02:00</updated>


        <content>J&#039;ai travaillé en tant que serveur et livreur dans un restaurant. Je m&#039;occupais notamment de la demande clientèle (répondre au téléphone, installer et servir les clients) et je faisais également les livraisons à domicile.</content>
        <rdf:type rdf:resource="leap2:activity"/>
        <mahara:artefactplugin mahara:type="pseudo:employmenthistory" mahara:plugin="resume"/>
        <link rel="leap2:is_part_of" href="portfolio:artefact63998" leap2:display_order="2"/>
        <link rel="leap2:supported_by" href="portfolio:resumesibling-63998-sibling-443-rel-supports"/>


        <category term="Work" scheme="categories:life_area#"/>






        <leap2:date leap2:point="start" leap2:label="2017"></leap2:date>

        <leap2:date leap2:point="end" leap2:label="2021"></leap2:date>

    </entry>

    <entry>
        <title>Mme ZHANG</title>
        <id>portfolio:resumesibling-63998-sibling-443-rel-supports</id>

        <updated>2021-09-28T09:09:30+02:00</updated>


        <content></content>
        <rdf:type rdf:resource="leap2:organization"/>
        <mahara:artefactplugin mahara:type="pseudo:employmenthistory" mahara:plugin="resume"/>
        <link rel="leap2:supports" href="portfolio:resumecomposite-63998-child-443"/>










    </entry>

    <entry>
        <title>Certifications, accréditations et prix obtenus</title>
        <id>portfolio:artefact63999</id>

        <updated>2021-10-07T09:09:32+02:00</updated>
        <published>2021-09-24T16:04:54+02:00</published>

        <content></content>
        <rdf:type rdf:resource="leap2:selection"/>
        <mahara:artefactplugin mahara:type="certification" mahara:plugin="resume"/>
        <link rel="leap2:has_part" href="portfolio:resumecomposite-63999-child-195" leap2:display_order="3"/>
        <link rel="leap2:has_part" href="portfolio:resumecomposite-63999-child-194" leap2:display_order="2"/>
        <link rel="leap2:has_part" href="portfolio:resumecomposite-63999-child-193" leap2:display_order="1"/>


        <category term="Grouping" scheme="categories:selection_type#"/>



    </entry>


    <entry>
        <title>Permis de conduire</title>
        <id>portfolio:resumecomposite-63999-child-195</id>

        <updated>2021-10-07T09:09:32+02:00</updated>


        <content></content>
        <rdf:type rdf:resource="leap2:achievement"/>
        <mahara:artefactplugin mahara:type="pseudo:certification" mahara:plugin="resume"/>
        <link rel="leap2:is_part_of" href="portfolio:artefact63999" leap2:display_order="3"/>









        <leap2:date leap2:point="end" leap2:label="22 Octobre 2019"></leap2:date>

    </entry>

    <entry>
        <title>Baccaulauréat Général Scientifique</title>
        <id>portfolio:resumecomposite-63999-child-194</id>

        <updated>2021-10-07T09:09:32+02:00</updated>


        <content>Obtention du baccalauréat général scientifique spécialité physique du lycée avec mention Assez Bien.</content>
        <rdf:type rdf:resource="leap2:achievement"/>
        <mahara:artefactplugin mahara:type="pseudo:certification" mahara:plugin="resume"/>
        <link rel="leap2:is_part_of" href="portfolio:artefact63999" leap2:display_order="2"/>









        <leap2:date leap2:point="end" leap2:label="2018"></leap2:date>

    </entry>

    <entry>
        <title>Brevet</title>
        <id>portfolio:resumecomposite-63999-child-193</id>

        <updated>2021-10-07T09:09:32+02:00</updated>


        <content>Obtention du brevet des collèges avec mention Très Bien</content>
        <rdf:type rdf:resource="leap2:achievement"/>
        <mahara:artefactplugin mahara:type="pseudo:certification" mahara:plugin="resume"/>
        <link rel="leap2:is_part_of" href="portfolio:artefact63999" leap2:display_order="1"/>









        <leap2:date leap2:point="end" leap2:label="2015"></leap2:date>

    </entry>

    <entry>
        <title>Compétences personnelles</title>
        <id>portfolio:artefact64027</id>

        <updated>2021-10-07T11:11:32+02:00</updated>
        <published>2021-09-24T16:04:18+02:00</published>

        <content type="xhtml"><div xmlns="http://www.w3.org/1999/xhtml"><div><p>Je pense être quelqu'un de responsable en plus d'être autonome puisqu'il m'arrive régulièrement de garder et de m'occuper d'enfants. De plus je suis très organisé et méthodique dans ce que j'entreprends.</p></div></div></content>
        <rdf:type rdf:resource="leap2:ability"/>
        <mahara:artefactplugin mahara:type="personalskill" mahara:plugin="resume"/>





    </entry>


    <entry>
        <title>Objectifs de carrière</title>
        <id>portfolio:artefact64033</id>

        <updated>2021-10-07T10:10:35+02:00</updated>
        <published>2021-09-24T16:04:52+02:00</published>

        <content type="xhtml"><div xmlns="http://www.w3.org/1999/xhtml"><div><p>J'aimerai travailler le plus tôt possible notamment en commençant par une alternance en seconde et acquérir le plus d'expériences possibles afin d'ouvrir ma propre boîte de cybersécurité avec un proche.</p></div></div></content>
        <rdf:type rdf:resource="leap2:entry"/>
        <mahara:artefactplugin mahara:type="careergoal" mahara:plugin="resume"/>





    </entry>


    <entry>
        <title>Objectifs académiques</title>
        <id>portfolio:artefact64034</id>

        <updated>2021-09-28T10:10:07+02:00</updated>
        <published>2021-09-24T16:04:02+02:00</published>

        <content type="xhtml"><div xmlns="http://www.w3.org/1999/xhtml"><div><p>Je voudrai valider ma première année de BUT avec de bons résultats et trouver une alternance à partir de la seconde année afin de continuer en formation par apprentissage pour acquérir davantage d'expériences. À la fin de mon BUT, je souhaiterai travailler directement.</p></div></div></content>
        <rdf:type rdf:resource="leap2:entry"/>
        <mahara:artefactplugin mahara:type="academicgoal" mahara:plugin="resume"/>





    </entry>


    <entry>
        <title>Objectifs personnels</title>
        <id>portfolio:artefact64036</id>

        <updated>2021-10-07T11:11:16+02:00</updated>
        <published>2021-09-24T16:04:14+02:00</published>

        <content type="xhtml"><div xmlns="http://www.w3.org/1999/xhtml"><div><p>Je souhaiterai travailler le plus tôt possible et gagner ma vie convenablement. Puis j'aimerai quitter la maison de mes parents et m'installer seul pas loin de mon travail.</p></div></div></content>
        <rdf:type rdf:resource="leap2:entry"/>
        <mahara:artefactplugin mahara:type="personalgoal" mahara:plugin="resume"/>





    </entry>


    <entry>
        <title>Compétences académiques</title>
        <id>portfolio:artefact64044</id>

        <updated>2021-09-28T11:11:26+02:00</updated>
        <published>2021-09-24T16:04:54+02:00</published>

        <content type="xhtml"><div xmlns="http://www.w3.org/1999/xhtml"><div><p>Ayant eu un parcours scientifique, je pense avoir de bonnes capacités analytiques et déductives en plus d'avoir l'esprit critique. J'ai également un niveau d'anglais très correct.</p></div></div></content>
        <rdf:type rdf:resource="leap2:ability"/>
        <mahara:artefactplugin mahara:type="academicskill" mahara:plugin="resume"/>





    </entry>


    <entry>
        <title>Compétences professionnelles</title>
        <id>portfolio:artefact64091</id>

        <updated>2021-10-07T11:11:22+02:00</updated>
        <published>2021-09-24T16:04:35+02:00</published>

        <content type="xhtml"><div xmlns="http://www.w3.org/1999/xhtml"><div><p style="text-align:center;">Ayant fait un stage d'une semaine de comptabilité en troisième, j'ai pu voir comment fonctionner une entreprise depuis l'intérieur. De plus, grâce à cela, j'ai pu approfondir mes connaissances dans le domaine de la <strong>finance</strong>. J'ai également pu aiguiser mes compétences <strong>d'analyse de données</strong> et de certains logiciels notamment ceux de <strong>tableurs</strong> ainsi que ma vitesse de frappe au clavier.</p>
<p style="text-align:center;">En plus de cela, j'ai beaucoup travaillé dans le <strong>restaurant</strong> que mes parents tiennent en tant que <strong>serveur</strong> et <strong>livreur</strong>. Cela m'a permis d'améliorer ma <strong>communication avec autrui</strong> en plus d'avoir une<strong> vraie expérience professionnelle</strong>. Ayant été confronté aux aléas du travail, je pense être <strong>flexible</strong> et capable de m'adapter à toute situation.</p>
<p style="text-align:center;">De plus, je maîtrise à un bon niveau les <strong>logiciels de traitements de textes, de données et autres</strong>, qu'il s'agit de ceux de Libre Office, Open Office ou Microsoft Office.</p></div></div></content>
        <rdf:type rdf:resource="leap2:ability"/>
        <mahara:artefactplugin mahara:type="workskill" mahara:plugin="resume"/>
        <link rel="leap2:is_part_of" href="portfolio:view24049"/>





    </entry>


    <entry>
        <title>Lettre de motivation</title>
        <id>portfolio:artefact64241</id>

        <updated>2021-10-07T09:09:57+02:00</updated>
        <published>2021-09-28T09:09:22+02:00</published>

        <content type="xhtml"><div xmlns="http://www.w3.org/1999/xhtml"><div><p>Maxime Xu<br />42 Rue Jules Appert<br />94500 Champigny-sur-Marne<br />07 67 81 68 98<br />xu.maxime@gmail.com</p>
<p> </p>
<p>                                                                                                                                              Fait à Vitry-sur-Seine, le 28 septembre 2021</p>
<p> </p>
<p>     Madame, Monsieur,</p>
<p> </p>
<p>     Actuellement en première année de BUT en Réseaux et Télécoms à UPEC dans le site de Vitry, je souhaite travailler en parallèle de mes études, ainsi je me permets de candidater afin d'intégrer votre prestigieuse entreprise.</p>
<p>     Titulaire d'un baccalauréat scientifique, je pense avoir de bonnes capacités de raisonnement, d'analyse et de déduction en plus de posséder d'un esprit très critique. De plus ayant eu une expérience professionnelle dans le domaine de la restauration, je pense être sociable et en mesure de répondre à la demande client. Je suis également quelqu'un de flexible, en effet ayant été confronté aux aléas du travail, je me sens capable de m'adapter à toute situation et de répondre aux imprévus. Ayant eu aussi plusieurs fois l'occasion de garder de la famille très jeune, cela m'a rendu responsable et surtout de confiance.</p>
<p>     Organisé, méthodique, motivé et très ouvert d'esprit, je travaille toujours de manière rigoureuse. Ses qualités et mes compétences me semblent primordiales afin de postuler dans votre entreprise et de pouvoir travailler avec vous dans les meilleures conditions et la bonne humeur. Ainsi j'aimerai avoir la chance de pouvoir évoluer à vos côtés au sein de votre entreprise.</p>
<p>     Je vous remercie, Madame, Monsieur, pour l'attention apportée à ma candidature. Je reste disponible pour toutes informations supplémentaires que vous désiriez et vous prie d'agréer l'expression de mes salutations les plus distinguées.</p>
<p> </p>
<p>     Maxime Xu</p>
<p> </p>
<p> </p>
<p> </p>
<p> </p></div></div></content>
        <rdf:type rdf:resource="leap2:entry"/>
        <mahara:artefactplugin mahara:type="coverletter" mahara:plugin="resume"/>





    </entry>


    <entry>
        <title>Centres d&#039;intérêt</title>
        <id>portfolio:artefact64324</id>

        <updated>2021-10-07T11:11:38+02:00</updated>
        <published>2021-09-28T10:10:56+02:00</published>

        <content type="xhtml"><div xmlns="http://www.w3.org/1999/xhtml"><div><p style="text-align:center;">Je m'intéresse au <strong>hardware</strong>, notamment au montage et fonctionnement des ordinateurs ainsi que leurs composants. J'aime également<strong> l'astrophysique</strong>, en effet il m'arrive de regarder des vidéos sur ses sujets. Je suis également l'activité <strong>eSport</strong> car je pense que c'est un domaine qui prendra davantage d'ampleur dans le futur. De plus, je trouve la <strong>culture japonaise</strong> assez captivante, ainsi je lis pendant mon temps libre des mangas ou light novels (roman japonais).</p></div></div></content>
        <rdf:type rdf:resource="leap2:entry"/>
        <mahara:artefactplugin mahara:type="interest" mahara:plugin="resume"/>
        <link rel="leap2:is_part_of" href="portfolio:view24049"/>





    </entry>


    <entry>
        <title>Semaine 1 de la SAÉ 14</title>
        <id>portfolio:artefact64358</id>

        <updated>2021-10-07T11:11:57+02:00</updated>
        <published>2021-09-28T11:11:22+02:00</published>

        <content type="xhtml"><div xmlns="http://www.w3.org/1999/xhtml"><div><p style="text-align:center;">Nous avons vu la base de comment <strong>se présenter sur internet</strong> ainsi qu'une introduction au <strong>portfolio</strong>. Puis, nous avons observé les différentes fonctionnalités ainsi que la gestion des différents contenus de <strong>Mahara</strong>. Après cela, nous avons essayé rapidement Mahara et créé un compte <strong>GitHub</strong>. Nous avons testé les différentes fonctionnalités de ce dernier notamment sa fonction de sauvegarde de données. Nous avons fini par un début de personnalisation de notre portfolio.</p></div></div></content>
        <rdf:type rdf:resource="leap2:entry"/>
        <mahara:artefactplugin mahara:type="blogpost" mahara:plugin="blog"/>
        <link rel="leap2:is_part_of" href="portfolio:view24049"/>
        <link rel="leap2:is_part_of" href="portfolio:artefact63671"/>





    </entry>


    <entry>
        <title>Semaine 2 de la SAÉ 14</title>
        <id>portfolio:artefact64374</id>

        <updated>2021-10-07T11:11:03+02:00</updated>
        <published>2021-09-28T12:12:11+02:00</published>

        <content type="xhtml"><div xmlns="http://www.w3.org/1999/xhtml"><div><p style="text-align:center;">On a rédigé la<strong> lettre de motivation</strong> ainsi que compléter le<strong> curriculum vitae</strong> avant de les mettre en ligne. On a ensuite regardé des vidéos de speech afin de préparer notre vidéo de présentation pour nous rendre compte de l'importance des <strong>gestes</strong> et de<strong> l'intonation</strong> lorsque l'on parle. Puis, on a réfléchi au contenu que devra contenir notre courte vidéo de présentation.</p></div></div></content>
        <rdf:type rdf:resource="leap2:entry"/>
        <mahara:artefactplugin mahara:type="blogpost" mahara:plugin="blog"/>
        <link rel="leap2:is_part_of" href="portfolio:view24049"/>
        <link rel="leap2:is_part_of" href="portfolio:artefact63671"/>





    </entry>


    <entry>
        <title>quisuije.jpg</title>
        <id>portfolio:artefact65074</id>

        <updated>2021-10-07T11:11:00+02:00</updated>
        <published>2021-10-07T11:11:00+02:00</published>

        <content></content>
        <rdf:type rdf:resource="leap2:resource"/>
        <mahara:artefactplugin mahara:type="image" mahara:plugin="file"/>
        <link rel="enclosure" type="image/jpeg" href="files/2-quisuije.jpg"/>


        <category term="Offline" scheme="categories:resource_type#" label="File"/>



    </entry>


    <entry>
        <title>Semaine 3 de la SAÉ14</title>
        <id>portfolio:artefact65077</id>

        <updated>2021-10-07T11:11:09+02:00</updated>
        <published>2021-10-07T11:11:30+02:00</published>

        <content type="xhtml"><div xmlns="http://www.w3.org/1999/xhtml"><div><p style="text-align:center;">On a commencé à créer notre <strong>blog</strong>. Puis nous avons commencé à voir le contenu que devra posséder notre portfolio et comment l'alimenter.</p></div></div></content>
        <rdf:type rdf:resource="leap2:entry"/>
        <mahara:artefactplugin mahara:type="blogpost" mahara:plugin="blog"/>
        <link rel="leap2:is_part_of" href="portfolio:view24049"/>
        <link rel="leap2:is_part_of" href="portfolio:artefact63671"/>





    </entry>


    <entry>
        <title>ho.png</title>
        <id>portfolio:artefact65081</id>

        <updated>2021-10-07T11:11:06+02:00</updated>
        <published>2021-10-07T11:11:06+02:00</published>

        <content></content>
        <rdf:type rdf:resource="leap2:resource"/>
        <mahara:artefactplugin mahara:type="image" mahara:plugin="file"/>
        <link rel="enclosure" type="image/png" href="files/3-ho.png"/>
        <link rel="leap2:is_part_of" href="portfolio:view24049"/>


        <category term="Offline" scheme="categories:resource_type#" label="File"/>



    </entry>


    <entry>
        <title>quisuije-removebg-preview.png</title>
        <id>portfolio:artefact65083</id>

        <updated>2021-10-07T11:11:46+02:00</updated>
        <published>2021-10-07T11:11:46+02:00</published>

        <content></content>
        <rdf:type rdf:resource="leap2:resource"/>
        <mahara:artefactplugin mahara:type="image" mahara:plugin="file"/>
        <link rel="enclosure" type="image/png" href="files/4-quisuije-removebg-preview.png"/>
        <link rel="leap2:is_part_of" href="portfolio:view24049"/>


        <category term="Offline" scheme="categories:resource_type#" label="File"/>



    </entry>


    <entry>
        <title>Maxime Xu</title>
        <id>portfolio:artefactinternal</id>

        <updated>2021-10-07T12:12:13+02:00</updated>


        <content type="html">&lt;p style="text-align:center;"&gt;     Je m'appelle &lt;strong&gt;Maxime&lt;/strong&gt;, j'ai actuellement 21 et suis en première année de BUT en Réseaux et Télécommunications à l'IUT de Créteil-Vitry.&lt;/p&gt;
&lt;p style="text-align:center;"&gt;     J'ai toujours été bon dans les &lt;strong&gt;domaines scientifiques&lt;/strong&gt;, en plus de posséder une bonne logique, ce qui m'a amené à un &lt;strong&gt;parcours scientifique&lt;/strong&gt; où j'ai développé un esprit très critique et élargi mon ouverture d'esprit.&lt;/p&gt;
&lt;p style="text-align:center;"&gt;     De plus, j'ai toujours été intéressé par le &lt;strong&gt;hardware&lt;/strong&gt; et souhaite trouver une profession dans ce secteur. J'ai choisi ce BUT en ayant pour objectif d'approfondir davantage mes connaissances et de développer de nouvelles compétences ou d'aiguiser celles que je possède déjà dans ce vaste domaine qui, selon moi, deviendra un pilier de notre future société. Mais aussi pour acquérir davantage d'expériences notamment par la &lt;strong&gt;formation en alternance&lt;/strong&gt; à partir de la seconde année.&lt;/p&gt;
&lt;p style="text-align:center;"&gt;     Mon objectif est d'ouvrir &lt;strong&gt;ma propre boîte de cybersécurité&lt;/strong&gt;.&lt;/p&gt;
&lt;p style="text-align:center;"&gt; &lt;/p&gt;</content>
        <rdf:type rdf:resource="leap2:person"/>
        <mahara:artefactplugin mahara:type="internal" mahara:plugin="internal"/>
        <link rel="related" href="portfolio:artefact63918"/>


        <category term="Self" scheme="categories:person_type#"/>





        <leap2:persondata
            mahara:artefactplugin="internal"
            mahara:artefacttype="email"
            leap2:field="email"

            leap2:label="Adresse de courriel"

        >maxime.xu@etu.u-pec.fr</leap2:persondata>
        <leap2:persondata
            mahara:artefactplugin="internal"
            mahara:artefacttype="businessnumber"
            leap2:field="workphone"

            leap2:label="Téléphone professionnel"

        >+33767816898</leap2:persondata>
        <leap2:persondata
            mahara:artefactplugin="internal"
            mahara:artefacttype="firstname"
            leap2:field="legal_given_name"

            leap2:label="Prénom"

        >MAXIME</leap2:persondata>
        <leap2:persondata
            mahara:artefactplugin="internal"
            mahara:artefacttype="homenumber"
            leap2:field="homephone"

            leap2:label="Téléphone privé"

        >+33767816898</leap2:persondata>
        <leap2:persondata
            mahara:artefactplugin="internal"
            mahara:artefacttype="lastname"
            leap2:field="legal_family_name"

            leap2:label="Nom"

        >XU</leap2:persondata>
        <leap2:persondata
            mahara:artefactplugin="internal"
            mahara:artefacttype="mobilenumber"
            leap2:field="mobile"

            leap2:label="Téléphone mobile"

        >+33767816898</leap2:persondata>
        <leap2:persondata
            mahara:artefactplugin="internal"
            mahara:artefacttype="preferredname"
            leap2:field="preferred_given_name"

            leap2:label="Nom préféré"

        >Maxime Xu</leap2:persondata>
        <leap2:persondata
            mahara:artefactplugin="internal"
            mahara:artefacttype="studentid"
            leap2:field="other"

            leap2:label="Identifiant étudiant"

        >u32104812</leap2:persondata>
        <leap2:persondata
            mahara:artefactplugin="resume"
            mahara:artefacttype="personalinformation/dateofbirth"
            leap2:field="dob"

            leap2:label="Date de naissance"

        >2000-08-28T00:12:00+02:00</leap2:persondata>
        <leap2:persondata
            mahara:artefactplugin="resume"
            mahara:artefacttype="personalinformation/placeofbirth"
            leap2:field="other" mahara:field="placeofbirth"

            leap2:label="Lieu de naissance"

        >Créteil</leap2:persondata>
        <leap2:persondata
            mahara:artefactplugin="resume"
            mahara:artefacttype="personalinformation/citizenship"
            leap2:field="other" mahara:field="citizenship"

            leap2:label="Citoyenneté"

        >Chinoise</leap2:persondata>
        <leap2:persondata
            mahara:artefactplugin="resume"
            mahara:artefacttype="personalinformation/visastatus"
            leap2:field="other" mahara:field="visastatus"

            leap2:label="Type de visa"

        >Titre de Séjour</leap2:persondata>
        <leap2:persondata
            mahara:artefactplugin="resume"
            mahara:artefacttype="personalinformation/gender"
            leap2:field="gender"

            leap2:label="Sexe"

        >1</leap2:persondata>
        <leap2:persondata
            mahara:artefactplugin="resume"
            mahara:artefacttype="personalinformation/maritalstatus"
            leap2:field="other" mahara:field="maritalstatus"

            leap2:label="Etat civil"

        >Célibataire</leap2:persondata>

        <leap2:spatial>
            <leap2:addressline mahara:artefacttype="address">42 Rue Jules Appert 94500 Champigny-sur-Marne</leap2:addressline>
            <leap2:addressline mahara:artefacttype="city">Champigny-sur-Marne/Île-de-France</leap2:addressline>
            <leap2:country mahara:artefacttype="country" leap2:countrycode="fra">France</leap2:country>
            <leap2:addressline mahara:artefacttype="town">Champigny-sur-Marne</leap2:addressline>

        </leap2:spatial>

    </entry>

</feed>
